NO,Perovskite Thickness,ETL Thickness,Provskite Bandgap,ETL Bandgap,Voc ,Jsc ,FF ,eta ,V_MPP ,J_MPP 
,4.89E-01,2.25E-01,1.65E+00,3.50E+00,0.819465,20.5575692,80.6468,13.5859,0.706647,19.22589559
,4.89E-01,2.36E-01,1.65E+00,3.20E+00,0.81914,20.3833338,80.6433,13.4649,0.706341,19.06282336
,4.89E-01,2.36E-01,1.65E+00,3.35E+00,0.819339,20.49034781,80.6452,13.5392,0.706528,19.16294511
,4.89E-01,2.36E-01,1.65E+00,3.50E+00,0.819459,20.55439462,80.6467,13.5837,0.706641,19.22291981
,4.89E-01,2.46E-01,1.65E+00,3.20E+00,0.819123,20.37448748,80.6431,13.4587,0.706325,19.05453444
,4.89E-01,2.46E-01,1.65E+00,3.35E+00,0.819329,20.48506747,80.645,13.5355,0.706518,19.15799587
,4.89E-01,2.46E-01,1.65E+00,3.50E+00,0.819453,20.55126911,80.6466,13.5815,0.706635,19.21998987
,4.89E-01,2.57E-01,1.65E+00,3.20E+00,0.819107,20.36581513,80.6429,13.4527,0.70631,19.04640783
,4.89E-01,2.57E-01,1.65E+00,3.35E+00,0.819319,20.47988194,80.6449,13.5319,0.706509,19.15313518
,4.89E-01,2.57E-01,1.65E+00,3.50E+00,0.819447,20.54819167,80.6465,13.5794,0.70663,19.21710481
,4.89E-01,2.68E-01,1.65E+00,3.20E+00,0.81909,20.35731253,80.6426,13.4467,0.706294,19.03843958
,4.89E-01,2.68E-01,1.65E+00,3.35E+00,0.81931,20.47478903,80.6447,13.5283,0.7065,19.14836095
,4.89E-01,2.68E-01,1.65E+00,3.50E+00,0.819441,20.54516136,80.6464,13.5773,0.706624,19.2142638
,4.89E-01,2.79E-01,1.65E+00,3.20E+00,0.819075,20.34897497,80.6424,13.4409,0.706279,19.03062532
,4.89E-01,2.79E-01,1.65E+00,3.35E+00,0.8193,20.46978665,80.6446,13.5248,0.706491,19.14367128
,4.89E-01,2.79E-01,1.65E+00,3.50E+00,0.819436,20.5421773,80.6463,13.5752,0.706619,19.21146599
,4.89E-01,2.89E-01,1.65E+00,3.20E+00,0.819059,20.34079914,80.6422,13.4352,0.706264,19.022962
,4.89E-01,2.89E-01,1.65E+00,3.35E+00,0.819291,20.46487273,80.6444,13.5214,0.706482,19.13906422
,4.89E-01,2.89E-01,1.65E+00,3.50E+00,0.81943,20.53923857,80.6462,13.5731,0.706614,19.20871052
,3.50E-01,2.07E-01,1.55E+00,3.20E+00,0.805133,21.38668926,80.7138,13.8982,0.695819,19.97390495
,3.50E-01,2.19E-01,1.55E+00,3.20E+00,0.805111,21.37697291,80.7143,13.8916,0.695807,19.96474193
,3.50E-01,2.30E-01,1.55E+00,3.20E+00,0.80509,21.36746098,80.7148,13.8851,0.695796,19.95576991
,3.61E-01,1.50E-01,1.55E+00,3.20E+00,0.807641,21.63522387,80.6289,14.0887,0.696981,20.21386821
,3.61E-01,1.61E-01,1.55E+00,3.20E+00,0.807615,21.62435502,80.6296,14.0813,0.696968,20.20363329
,3.61E-01,1.73E-01,1.55E+00,3.20E+00,0.807591,21.613722,80.6303,14.074,0.696955,20.19361848
,3.61E-01,1.84E-01,1.55E+00,3.20E+00,0.807567,21.60331828,80.6309,14.067,0.696942,20.18381775
,3.61E-01,1.96E-01,1.55E+00,3.20E+00,0.807543,21.59313759,80.6315,14.06,0.69693,20.17422529
,3.61E-01,2.07E-01,1.55E+00,3.20E+00,0.80752,21.58317388,80.6321,14.0532,0.696918,20.16483549
,3.61E-01,2.19E-01,1.55E+00,3.20E+00,0.807497,21.57342133,80.6326,14.0466,0.696906,20.15564299
,3.61E-01,2.30E-01,1.55E+00,3.20E+00,0.807475,21.56387435,80.6332,14.0401,0.696894,20.14664258
,3.71E-01,1.50E-01,1.55E+00,3.20E+00,0.810089,21.82189251,80.5385,14.2373,0.698099,20.39442444
,3.71E-01,1.61E-01,1.55E+00,3.20E+00,0.810062,21.81098575,80.5392,14.2299,0.698085,20.3841591
,3.71E-01,1.73E-01,1.55E+00,3.20E+00,0.810037,21.80031604,80.54,14.2226,0.698072,20.37411504
,3.71E-01,1.84E-01,1.55E+00,3.20E+00,0.810011,21.7898768,80.5407,14.2155,0.698059,20.3642862
,3.71E-01,1.96E-01,1.55E+00,3.20E+00,0.809987,21.77966174,80.5413,14.2085,0.698046,20.3546667
,3.71E-01,2.07E-01,1.55E+00,3.20E+00,0.809963,21.76966474,80.542,14.2017,0.698033,20.34525091
,3.71E-01,2.19E-01,1.55E+00,3.20E+00,0.809939,21.75987995,80.5426,14.195,0.698021,20.3360334
,3.71E-01,2.30E-01,1.55E+00,3.20E+00,0.809916,21.75030176,80.5432,14.1884,0.698009,20.32700895
,3.82E-01,1.50E-01,1.55E+00,3.20E+00,0.812593,21.9991464,80.4401,14.3798,0.699233,20.56504198
,3.82E-01,1.61E-01,1.55E+00,3.20E+00,0.812566,21.98820589,80.4409,14.3723,0.699219,20.55475099
,3.82E-01,1.73E-01,1.55E+00,3.20E+00,0.812539,21.9775035,80.4417,14.3649,0.699205,20.54468229
,3.82E-01,1.84E-01,1.55E+00,3.20E+00,0.812513,21.96703264,80.4425,14.3578,0.699191,20.53482978
,3.82E-01,1.96E-01,1.55E+00,3.20E+00,0.812487,21.95678696,80.4433,14.3508,0.699178,20.52518756
,3.82E-01,2.07E-01,1.55E+00,3.20E+00,0.812462,21.94676032,80.444,14.3439,0.699165,20.51574993
,3.82E-01,2.19E-01,1.55E+00,3.20E+00,0.812437,21.93694683,80.4447,14.3372,0.699152,20.50651147
,3.82E-01,2.30E-01,1.55E+00,3.20E+00,0.812413,21.92734084,80.4454,14.3306,0.699139,20.49746688
,3.93E-01,1.50E-01,1.55E+00,3.20E+00,0.815154,22.16754572,80.3341,14.5163,0.700383,20.72628202
,3.93E-01,1.61E-01,1.55E+00,3.20E+00,0.815125,22.15657515,80.335,14.5088,0.700369,20.71596966
,3.93E-01,1.73E-01,1.55E+00,3.20E+00,0.815098,22.14584366,80.3359,14.5015,0.700354,20.70588046
,3.93E-01,1.84E-01,1.55E+00,3.20E+00,0.81507,22.13534464,80.3368,14.4942,0.70034,20.69600829
,3.93E-01,1.96E-01,1.55E+00,3.20E+00,0.815044,22.1250717,80.3376,14.4872,0.700326,20.68634722
,3.93E-01,2.07E-01,1.55E+00,3.20E+00,0.815017,22.11501865,80.3384,14.4803,0.700313,20.67689152
,3.93E-01,2.19E-01,1.55E+00,3.20E+00,0.814992,22.10517958,80.3391,14.4735,0.700299,20.66763572
,3.93E-01,2.30E-01,1.55E+00,3.20E+00,0.814967,22.09554883,80.3399,14.4669,0.700286,20.65857452
,4.04E-01,1.50E-01,1.55E+00,3.20E+00,0.817771,22.32761296,80.2209,14.6474,0.70155,20.8786687
,4.04E-01,1.61E-01,1.55E+00,3.20E+00,0.817742,22.31661562,80.2219,14.6399,0.701535,20.86833881
,4.04E-01,1.73E-01,1.55E+00,3.20E+00,0.817713,22.30585822,80.2228,14.6325,0.70152,20.85823285
,4.04E-01,1.84E-01,1.55E+00,3.20E+00,0.817685,22.29533412,80.2237,14.6252,0.701505,20.84834463
,4.04E-01,1.96E-01,1.55E+00,3.20E+00,0.817657,22.28503688,80.2246,14.6181,0.701491,20.83866819
,4.04E-01,2.07E-01,1.55E+00,3.20E+00,0.81763,22.27496031,80.2255,14.6112,0.701477,20.82919779
,4.04E-01,2.19E-01,1.55E+00,3.20E+00,0.817603,22.26509847,80.2263,14.6044,0.701463,20.81992794
,4.04E-01,2.30E-01,1.55E+00,3.20E+00,0.817577,22.25544565,80.2271,14.5978,0.701449,20.81085329
,4.14E-01,1.50E-01,1.55E+00,3.20E+00,0.820445,22.47983573,80.1007,14.7733,0.702733,21.02269185
,4.14E-01,1.61E-01,1.55E+00,3.20E+00,0.820415,22.46881454,80.1017,14.7657,0.702717,21.01234791
,4.14E-01,1.73E-01,1.55E+00,3.20E+00,0.820385,22.45803406,80.1027,14.7583,0.702702,21.00222852
,4.14E-01,1.84E-01,1.55E+00,3.20E+00,0.820355,22.4474876,80.1037,14.751,0.702687,20.9923275
,4.14E-01,1.96E-01,1.55E+00,3.20E+00,0.820327,22.43716873,80.1047,14.7439,0.702672,20.98263885
,4.14E-01,2.07E-01,1.55E+00,3.20E+00,0.820299,22.4270712,80.1056,14.7369,0.702657,20.97315679
,4.14E-01,2.19E-01,1.55E+00,3.20E+00,0.820271,22.41718906,80.1065,14.7301,0.702643,20.96387582
,4.14E-01,2.30E-01,1.55E+00,3.20E+00,0.820244,22.40751658,80.1074,14.7234,0.702629,20.95479057
,4.25E-01,1.50E-01,1.55E+00,3.20E+00,0.823176,22.62466928,79.9737,14.8944,0.703933,21.15880953
,4.25E-01,1.61E-01,1.55E+00,3.20E+00,0.823145,22.61362685,79.9749,14.8867,0.703916,21.14845466
,4.25E-01,1.73E-01,1.55E+00,3.20E+00,0.823113,22.6028258,79.9759,14.8793,0.7039,21.13832488
,4.25E-01,1.84E-01,1.55E+00,3.20E+00,0.823083,22.59225943,79.977,14.872,0.703885,21.12841397
,4.25E-01,1.96E-01,1.55E+00,3.20E+00,0.823053,22.58192128,79.978,14.8648,0.703869,21.11871594
,4.25E-01,2.07E-01,1.55E+00,3.20E+00,0.823024,22.57180508,79.9791,14.8578,0.703854,21.10922496
,4.25E-01,2.19E-01,1.55E+00,3.20E+00,0.822996,22.56190485,79.98,14.851,0.70384,21.09993553
,4.25E-01,2.30E-01,1.55E+00,3.20E+00,0.822968,22.55221485,79.981,14.8443,0.703825,21.09084225
,4.36E-01,1.50E-01,1.55E+00,3.20E+00,0.825964,22.76253891,79.8404,15.0108,0.705149,21.28745037
,4.36E-01,1.61E-01,1.55E+00,3.20E+00,0.825931,22.75147755,79.8416,15.0032,0.705132,21.27708737
,4.36E-01,1.73E-01,1.55E+00,3.20E+00,0.825899,22.74065818,79.8428,14.9957,0.705116,21.26694993
,4.36E-01,1.84E-01,1.55E+00,3.20E+00,0.825867,22.73007407,79.8439,14.9883,0.705099,21.25703177
,4.36E-01,1.96E-01,1.55E+00,3.20E+00,0.825837,22.71971872,79.845,14.9811,0.705083,21.2473269
,4.36E-01,2.07E-01,1.55E+00,3.20E+00,0.825806,22.70958589,79.8461,14.9741,0.705068,21.23782948
,4.36E-01,2.19E-01,1.55E+00,3.20E+00,0.825777,22.69966953,79.8471,14.9672,0.705053,21.22853398
,4.36E-01,2.30E-01,1.55E+00,3.20E+00,0.825748,22.68996392,79.8482,14.9605,0.705038,21.21943498
,4.46E-01,1.50E-01,1.55E+00,3.20E+00,0.828808,22.89384212,79.7009,15.1229,0.706382,21.40901566
,4.46E-01,1.61E-01,1.55E+00,3.20E+00,0.828774,22.88276389,79.7022,15.1152,0.706364,21.39864708
,4.46E-01,1.73E-01,1.55E+00,3.20E+00,0.828741,22.87192818,79.7034,15.1077,0.706347,21.38850442
,4.46E-01,1.84E-01,1.55E+00,3.20E+00,0.828709,22.86132825,79.7046,15.1003,0.70633,21.3785814
,4.46E-01,1.96E-01,1.55E+00,3.20E+00,0.828677,22.85095759,79.7058,15.0931,0.706314,21.36887198
,4.46E-01,2.07E-01,1.55E+00,3.20E+00,0.828646,22.84080992,79.7069,15.0861,0.706298,21.35937035
,4.46E-01,2.19E-01,1.55E+00,3.20E+00,0.828615,22.83087918,79.7081,15.0792,0.706282,21.35007093
,4.46E-01,2.30E-01,1.55E+00,3.20E+00,0.828585,22.82115965,79.7092,15.0724,0.706267,21.34096831
,4.57E-01,1.50E-01,1.55E+00,3.20E+00,0.83171,23.01895059,79.5555,15.231,0.707631,21.52388136
,4.57E-01,1.61E-01,1.55E+00,3.20E+00,0.831674,23.00785732,79.5568,15.2232,0.707613,21.51350949
,4.57E-01,1.73E-01,1.55E+00,3.20E+00,0.83164,22.99700705,79.5582,15.2157,0.707595,21.50336382
,4.57E-01,1.84E-01,1.55E+00,3.20E+00,0.831606,22.98639302,79.5594,15.2083,0.707578,21.49343808
,4.57E-01,1.96E-01,1.55E+00,3.20E+00,0.831574,22.97600871,79.5607,15.2011,0.707561,21.4837262
,4.57E-01,2.07E-01,1.55E+00,3.20E+00,0.831541,22.96584781,79.5619,15.194,0.707545,21.47422235
,4.57E-01,2.19E-01,1.55E+00,3.20E+00,0.83151,22.95590426,79.5631,15.187,0.707529,21.46492096
,4.57E-01,2.30E-01,1.55E+00,3.20E+00,0.831479,22.94617231,79.5642,15.1803,0.707513,21.4558166
,4.68E-01,1.50E-01,1.55E+00,3.20E+00,0.834667,23.13821207,79.4044,15.3351,0.708897,21.63239989
,4.68E-01,1.61E-01,1.55E+00,3.20E+00,0.834631,23.12710539,79.4059,15.3274,0.708879,21.6220268
,4.68E-01,1.73E-01,1.55E+00,3.20E+00,0.834596,23.11624214,79.4072,15.3198,0.708861,21.61188012
,4.68E-01,1.84E-01,1.55E+00,3.20E+00,0.834561,23.10561554,79.4086,15.3124,0.708843,21.60195358
,4.68E-01,1.96E-01,1.55E+00,3.20E+00,0.834527,23.09521906,79.4099,15.3051,0.708826,21.59224111
,4.68E-01,2.07E-01,1.55E+00,3.20E+00,0.834494,23.08504636,79.4112,15.298,0.708809,21.58273687
,4.68E-01,2.19E-01,1.55E+00,3.20E+00,0.834461,23.07509137,79.4124,15.2911,0.708792,21.57343525
,4.68E-01,2.30E-01,1.55E+00,3.20E+00,0.834429,23.06534836,79.4137,15.2843,0.708775,21.56433085
,4.79E-01,1.50E-01,1.55E+00,3.20E+00,0.837681,23.25195207,79.3523,15.456,0.710099,21.76601579
,4.79E-01,1.61E-01,1.55E+00,3.20E+00,0.837644,23.24083343,79.3538,15.4482,0.710089,21.75538027
,4.79E-01,1.73E-01,1.55E+00,3.20E+00,0.837607,23.2299586,79.3554,15.4406,0.710078,21.74497672
,4.79E-01,1.84E-01,1.55E+00,3.20E+00,0.837572,23.21932079,79.3568,15.4332,0.710068,21.73479872
,4.79E-01,1.96E-01,1.55E+00,3.20E+00,0.837537,23.20891344,79.3583,15.4259,0.710059,21.72484005
,4.79E-01,2.07E-01,1.55E+00,3.20E+00,0.837502,23.19873023,79.3597,15.4188,0.710049,21.71509472
,4.79E-01,2.19E-01,1.55E+00,3.20E+00,0.837468,23.18876504,79.361,15.4118,0.710039,21.70555701
,4.79E-01,2.30E-01,1.55E+00,3.20E+00,0.837435,23.17901214,79.3624,15.405,0.71003,21.69622136
,4.89E-01,1.50E-01,1.55E+00,3.20E+00,0.840752,23.3604754,79.1855,15.5523,0.710814,21.87958731
,4.89E-01,1.61E-01,1.55E+00,3.20E+00,0.840713,23.3493461,79.1872,15.5445,0.710803,21.86894597
,4.89E-01,1.73E-01,1.55E+00,3.20E+00,0.840675,23.33846094,79.1888,15.5369,0.710793,21.85853691
,4.89E-01,1.84E-01,1.55E+00,3.20E+00,0.840639,23.32781313,79.1903,15.5294,0.710782,21.84835367
,4.89E-01,1.96E-01,1.55E+00,3.20E+00,0.840602,23.31739609,79.1919,15.5221,0.710772,21.83839005
,4.89E-01,2.07E-01,1.55E+00,3.20E+00,0.840567,23.30720349,79.1933,15.515,0.710762,21.82864002
,4.89E-01,2.19E-01,1.55E+00,3.20E+00,0.840532,23.29722919,79.1948,15.508,0.710753,21.81909787
,4.89E-01,2.30E-01,1.55E+00,3.20E+00,0.840498,23.28746749,79.1962,15.5011,0.710743,21.80975803
,5.00E-01,1.50E-01,1.55E+00,3.20E+00,0.843878,23.46406767,79.0122,15.6451,0.711542,21.98754352
,5.00E-01,1.61E-01,1.55E+00,3.20E+00,0.843838,23.45292885,79.0139,15.6372,0.711531,21.97689796
,5.00E-01,1.73E-01,1.55E+00,3.20E+00,0.843799,23.44203448,79.0156,15.6296,0.71152,21.96648493
,5.00E-01,1.84E-01,1.55E+00,3.20E+00,0.843761,23.43137774,79.0173,15.6221,0.711509,21.95629797
,5.00E-01,1.96E-01,1.55E+00,3.20E+00,0.843724,23.42095205,79.0189,15.6148,0.711499,21.94633085
,5.00E-01,2.07E-01,1.55E+00,3.20E+00,0.843687,23.41075107,79.0205,15.6076,0.711488,21.93657755
,5.00E-01,2.19E-01,1.55E+00,3.20E+00,0.843652,23.40076865,79.022,15.6006,0.711478,21.92703233
,5.00E-01,2.30E-01,1.55E+00,3.20E+00,0.843617,23.39099908,79.0236,15.5937,0.711469,21.91768962
,3.50E-01,1.96E-01,1.60E+00,3.22E+00,0.801563,20.05776212,80.8319,12.9958,0.694216,18.72010852
,3.50E-01,2.07E-01,1.60E+00,3.22E+00,0.801547,20.04787528,80.8317,12.9891,0.694204,18.71077697
,3.50E-01,2.19E-01,1.60E+00,3.22E+00,0.801531,20.03819718,80.8315,12.9825,0.694193,18.70164047
,3.50E-01,2.30E-01,1.60E+00,3.22E+00,0.801516,20.02872231,80.8313,12.9761,0.694182,18.69269388
,3.61E-01,1.50E-01,1.60E+00,3.22E+00,0.803241,20.29045849,80.8266,13.1732,0.695304,18.94599473
,3.61E-01,1.61E-01,1.60E+00,3.22E+00,0.803223,20.27963092,80.8264,13.1659,0.695291,18.93578774
,3.61E-01,1.73E-01,1.60E+00,3.22E+00,0.803206,20.26903787,80.8262,13.1587,0.695278,18.9257997
,3.61E-01,1.84E-01,1.60E+00,3.22E+00,0.803189,20.25867285,80.8261,13.1517,0.695265,18.91602462
,3.61E-01,1.96E-01,1.60E+00,3.22E+00,0.803173,20.24852965,80.8259,13.1448,0.695253,18.90645675
,3.61E-01,2.07E-01,1.60E+00,3.22E+00,0.803157,20.23860225,80.8257,13.138,0.695241,18.8970905
,3.61E-01,2.19E-01,1.60E+00,3.22E+00,0.803141,20.22888487,80.8255,13.1314,0.695229,18.88792056
,3.61E-01,2.30E-01,1.60E+00,3.22E+00,0.803125,20.21937198,80.8253,13.125,0.695217,18.87894176
,3.71E-01,1.50E-01,1.60E+00,3.22E+00,0.804838,20.47197199,80.8184,13.3162,0.696358,19.12255988
,3.71E-01,1.61E-01,1.60E+00,3.22E+00,0.804821,20.46110315,80.8183,13.3088,0.696345,19.11231813
,3.71E-01,1.73E-01,1.60E+00,3.22E+00,0.804803,20.45047015,80.8181,13.3015,0.696331,19.10229662
,3.71E-01,1.84E-01,1.60E+00,3.22E+00,0.804786,20.44006647,80.8179,13.2944,0.696318,19.09248934
,3.71E-01,1.96E-01,1.60E+00,3.22E+00,0.80477,20.42988584,80.8177,13.2875,0.696305,19.08289046
,3.71E-01,2.07E-01,1.60E+00,3.22E+00,0.804753,20.4199222,80.8175,13.2807,0.696293,19.07349437
,3.71E-01,2.19E-01,1.60E+00,3.22E+00,0.804737,20.41016974,80.8173,13.2741,0.69628,19.0642957
,3.71E-01,2.30E-01,1.60E+00,3.22E+00,0.804721,20.40062286,80.8171,13.2676,0.696268,19.05528925
,3.82E-01,1.50E-01,1.60E+00,3.22E+00,0.806425,20.64460973,80.8082,13.4532,0.697429,19.28974511
,3.82E-01,1.61E-01,1.60E+00,3.22E+00,0.806407,20.63370402,80.808,13.4458,0.697415,19.27947359
,3.82E-01,1.73E-01,1.60E+00,3.22E+00,0.80639,20.62303534,80.8078,13.4385,0.697401,19.26942347
,3.82E-01,1.84E-01,1.60E+00,3.22E+00,0.806373,20.61259712,80.8076,13.4314,0.697387,19.25958866
,3.82E-01,1.96E-01,1.60E+00,3.22E+00,0.806356,20.60238306,80.8074,13.4244,0.697374,19.24996331
,3.82E-01,2.07E-01,1.60E+00,3.22E+00,0.806339,20.59238704,80.8072,13.4176,0.697361,19.24054176
,3.82E-01,2.19E-01,1.60E+00,3.22E+00,0.806323,20.58260323,80.807,13.4109,0.697348,19.23131861
,3.82E-01,2.30E-01,1.60E+00,3.22E+00,0.806307,20.57302599,80.8068,13.4044,0.697335,19.2222886
,3.93E-01,1.50E-01,1.60E+00,3.22E+00,0.808004,20.80888928,80.796,13.5848,0.698515,19.4480697
,3.93E-01,1.61E-01,1.60E+00,3.22E+00,0.807985,20.79795063,80.7958,13.5773,0.6985,19.43777293
,3.93E-01,1.73E-01,1.60E+00,3.22E+00,0.807968,20.78725007,80.7956,13.57,0.698486,19.42769855
,3.93E-01,1.84E-01,1.60E+00,3.22E+00,0.80795,20.77678099,80.7954,13.5628,0.698472,19.41784044
,3.93E-01,1.96E-01,1.60E+00,3.22E+00,0.807933,20.76653705,80.7952,13.5558,0.698458,19.40819271
,3.93E-01,2.07E-01,1.60E+00,3.22E+00,0.807917,20.7565121,80.795,13.5489,0.698444,19.39874966
,3.93E-01,2.19E-01,1.60E+00,3.22E+00,0.8079,20.74670027,80.7948,13.5422,0.698431,19.38950585
,3.93E-01,2.30E-01,1.60E+00,3.22E+00,0.807884,20.7370959,80.7946,13.5357,0.698418,19.380456
,4.04E-01,1.50E-01,1.60E+00,3.22E+00,0.809575,20.96529402,80.782,13.7111,0.699617,19.59801921
,4.04E-01,1.61E-01,1.60E+00,3.22E+00,0.809557,20.95432594,80.7818,13.7036,0.699602,19.58770126
,4.04E-01,1.73E-01,1.60E+00,3.22E+00,0.809539,20.94359689,80.7816,13.6962,0.699587,19.57760656
,4.04E-01,1.84E-01,1.60E+00,3.22E+00,0.809521,20.93310024,80.7814,13.689,0.699572,19.56772896
,4.04E-01,1.96E-01,1.60E+00,3.22E+00,0.809504,20.9228296,80.7812,13.682,0.699558,19.55806254
,4.04E-01,2.07E-01,1.60E+00,3.22E+00,0.809487,20.9127788,80.7809,13.6751,0.699544,19.54860155
,4.04E-01,2.19E-01,1.60E+00,3.22E+00,0.809471,20.90294193,80.7807,13.6684,0.69953,19.53934055
,4.04E-01,2.30E-01,1.60E+00,3.22E+00,0.809455,20.89331331,80.7805,13.6617,0.699517,19.53027421
,4.14E-01,1.50E-01,1.60E+00,3.22E+00,0.811141,21.11427568,80.7662,13.8325,0.700735,19.74004791
,4.14E-01,1.61E-01,1.60E+00,3.22E+00,0.811122,21.10328131,80.766,13.825,0.700719,19.72971246
,4.14E-01,1.73E-01,1.60E+00,3.22E+00,0.811104,21.0925268,80.7658,13.8176,0.700704,19.71960101
,4.14E-01,1.84E-01,1.60E+00,3.22E+00,0.811087,21.0820055,80.7655,13.8104,0.700689,19.70970737
,4.14E-01,1.96E-01,1.60E+00,3.22E+00,0.811069,21.071711,80.7653,13.8033,0.700674,19.70002558
,4.14E-01,2.07E-01,1.60E+00,3.22E+00,0.811052,21.06163709,80.7651,13.7964,0.700659,19.69054989
,4.14E-01,2.19E-01,1.60E+00,3.22E+00,0.811036,21.05177783,80.7649,13.7896,0.700645,19.68127481
,4.14E-01,2.30E-01,1.60E+00,3.22E+00,0.811019,21.04212754,80.7647,13.7829,0.700631,19.672195
,4.25E-01,1.50E-01,1.60E+00,3.22E+00,0.812702,21.25625659,80.7487,13.9494,0.701869,19.87458112
,4.25E-01,1.61E-01,1.60E+00,3.22E+00,0.812684,21.24523872,80.7485,13.9418,0.701853,19.8642315
,4.25E-01,1.73E-01,1.60E+00,3.22E+00,0.812665,21.23446146,80.7483,13.9343,0.701837,19.8541065
,4.25E-01,1.84E-01,1.60E+00,3.22E+00,0.812648,21.22391813,80.7481,13.9271,0.701821,19.84419992
,4.25E-01,1.96E-01,1.60E+00,3.22E+00,0.81263,21.2136023,80.7479,13.92,0.701806,19.83450578
,4.25E-01,2.07E-01,1.60E+00,3.22E+00,0.812613,21.20350773,80.7476,13.913,0.701791,19.8250183
,4.25E-01,2.19E-01,1.60E+00,3.22E+00,0.812596,21.19362847,80.7474,13.9062,0.701776,19.81573197
,4.25E-01,2.30E-01,1.60E+00,3.22E+00,0.81258,21.18395879,80.7472,13.8995,0.701761,19.80664142
,4.36E-01,1.50E-01,1.60E+00,3.22E+00,0.81426,21.3916318,80.7297,14.0618,0.703019,20.00201724
,4.36E-01,1.61E-01,1.60E+00,3.22E+00,0.814242,21.38059292,80.7295,14.0542,0.703002,19.99165644
,4.36E-01,1.73E-01,1.60E+00,3.22E+00,0.814223,21.36979532,80.7293,14.0467,0.702986,19.9815208
,4.36E-01,1.84E-01,1.60E+00,3.22E+00,0.814205,21.3592323,80.7291,14.0394,0.702969,19.9716041
,4.36E-01,1.96E-01,1.60E+00,3.22E+00,0.814187,21.3488974,80.7288,14.0323,0.702954,19.96190033
,4.36E-01,2.07E-01,1.60E+00,3.22E+00,0.81417,21.33878437,80.7286,14.0253,0.702938,19.95240369
,4.36E-01,2.19E-01,1.60E+00,3.22E+00,0.814153,21.32888721,80.7284,14.0185,0.702923,19.94310866
,4.36E-01,2.30E-01,1.60E+00,3.22E+00,0.814136,21.3192002,80.7281,14.0118,0.702908,19.93400984
,4.46E-01,1.50E-01,1.60E+00,3.22E+00,0.815816,21.520771,80.7093,14.1701,0.704185,20.12272969
,4.46E-01,1.61E-01,1.60E+00,3.22E+00,0.815797,21.50971334,80.7091,14.1625,0.704168,20.11236042
,4.46E-01,1.73E-01,1.60E+00,3.22E+00,0.815778,21.49889755,80.7089,14.155,0.704151,20.10221677
,4.46E-01,1.84E-01,1.60E+00,3.22E+00,0.81576,21.48831693,80.7086,14.1477,0.704134,20.09229248
,4.46E-01,1.96E-01,1.60E+00,3.22E+00,0.815742,21.47796497,80.7084,14.1405,0.704118,20.08258154
,4.46E-01,2.07E-01,1.60E+00,3.22E+00,0.815725,21.46783542,80.7082,14.1335,0.704102,20.07307813
,4.46E-01,2.19E-01,1.60E+00,3.22E+00,0.815708,21.45792226,80.7079,14.1266,0.704086,20.06377669
,4.46E-01,2.30E-01,1.60E+00,3.22E+00,0.815691,21.44821976,80.7077,14.1199,0.70407,20.05467184
,4.57E-01,1.50E-01,1.60E+00,3.22E+00,0.817369,21.64402032,80.6876,14.2746,0.705367,20.23706866
,4.57E-01,1.61E-01,1.60E+00,3.22E+00,0.81735,21.63294587,80.6873,14.2669,0.705349,20.22669338
,4.57E-01,1.73E-01,1.60E+00,3.22E+00,0.817331,21.62211382,80.6871,14.2594,0.705332,20.21654409
,4.57E-01,1.84E-01,1.60E+00,3.22E+00,0.817313,21.61151745,80.6869,14.252,0.705315,20.20661452
,4.57E-01,1.96E-01,1.60E+00,3.22E+00,0.817295,21.60115025,80.6866,14.2448,0.705298,20.19689863
,4.57E-01,2.07E-01,1.60E+00,3.22E+00,0.817277,21.59100593,80.6864,14.2378,0.705281,20.1873906
,4.57E-01,2.19E-01,1.60E+00,3.22E+00,0.81726,21.58107845,80.6861,14.2309,0.705265,20.17808485
,4.57E-01,2.30E-01,1.60E+00,3.22E+00,0.817243,21.57136208,80.6859,14.2242,0.705249,20.16897598
,4.68E-01,1.50E-01,1.60E+00,3.22E+00,0.818921,21.76170401,80.6646,14.3753,0.706566,20.34536279
,4.68E-01,1.61E-01,1.60E+00,3.22E+00,0.818902,21.75061453,80.6644,14.3676,0.706547,20.33498372
,4.68E-01,1.73E-01,1.60E+00,3.22E+00,0.818883,21.73976794,80.6641,14.3601,0.706529,20.32483093
,4.68E-01,1.84E-01,1.60E+00,3.22E+00,0.818864,21.72915749,80.6639,14.3527,0.706512,20.31489816
,4.68E-01,1.96E-01,1.60E+00,3.22E+00,0.818846,21.71877665,80.6636,14.3455,0.706494,20.30517934
,4.68E-01,2.07E-01,1.60E+00,3.22E+00,0.818828,21.70861912,80.6634,14.3384,0.706477,20.29566863
,4.68E-01,2.19E-01,1.60E+00,3.22E+00,0.818811,21.69867883,80.6632,14.3315,0.70646,20.28636046
,4.68E-01,2.30E-01,1.60E+00,3.22E+00,0.818794,21.68895006,80.6629,14.3247,0.706444,20.2772494
,4.79E-01,1.50E-01,1.60E+00,3.22E+00,0.820443,21.87412592,80.6434,14.4727,0.707781,20.44792061
,4.79E-01,1.61E-01,1.60E+00,3.22E+00,0.820425,21.86302301,80.643,14.4649,0.707762,20.43753976
,4.79E-01,1.73E-01,1.60E+00,3.22E+00,0.820407,21.85216341,80.6427,14.4573,0.707743,20.42738543
,4.79E-01,1.84E-01,1.60E+00,3.22E+00,0.820389,21.84154036,80.6423,14.4499,0.707725,20.41745133
,4.79E-01,1.96E-01,1.60E+00,3.22E+00,0.820372,21.83114731,80.642,14.4427,0.707707,20.4077314
,4.79E-01,2.07E-01,1.60E+00,3.22E+00,0.820355,21.82097796,80.6416,14.4356,0.70769,20.39821978
,4.79E-01,2.19E-01,1.60E+00,3.22E+00,0.820338,21.81102622,80.6412,14.4287,0.707672,20.3889109
,4.79E-01,2.30E-01,1.60E+00,3.22E+00,0.820322,21.80128635,80.6409,14.4219,0.707656,20.37979931
,4.89E-01,1.50E-01,1.60E+00,3.22E+00,0.821893,21.98157097,80.6281,14.5667,0.709013,20.545032
,4.89E-01,1.61E-01,1.60E+00,3.22E+00,0.821875,21.97045603,80.6277,14.5589,0.708993,20.53465119
,4.89E-01,1.73E-01,1.60E+00,3.22E+00,0.821857,21.9595848,80.6273,14.5513,0.708974,20.52449706
,4.89E-01,1.84E-01,1.60E+00,3.22E+00,0.821839,21.94895047,80.627,14.5439,0.708955,20.51456334
,4.89E-01,1.96E-01,1.60E+00,3.22E+00,0.821822,21.9385465,80.6266,14.5366,0.708937,20.50484395
,4.89E-01,2.07E-01,1.60E+00,3.22E+00,0.821805,21.92836657,80.6262,14.5295,0.708919,20.49533303
,4.89E-01,2.19E-01,1.60E+00,3.22E+00,0.821788,21.91840457,80.6259,14.5226,0.708901,20.48602497
,4.89E-01,2.30E-01,1.60E+00,3.22E+00,0.821772,21.90865477,80.6255,14.5157,0.708883,20.47691435
,5.00E-01,1.50E-01,1.60E+00,3.22E+00,0.823338,22.0843064,80.7172,14.6767,0.710144,20.66720091
,5.00E-01,1.61E-01,1.60E+00,3.22E+00,0.823319,22.0731807,80.7169,14.6689,0.710133,20.65655817
,5.00E-01,1.73E-01,1.60E+00,3.22E+00,0.823301,22.06229905,80.7165,14.6613,0.710122,20.64614766
,5.00E-01,1.84E-01,1.60E+00,3.22E+00,0.823283,22.05165463,80.7162,14.6538,0.710111,20.63596295
,5.00E-01,1.96E-01,1.60E+00,3.22E+00,0.823266,22.04124089,80.7159,14.6465,0.710101,20.62599781
,5.00E-01,2.07E-01,1.60E+00,3.22E+00,0.823248,22.03105149,80.7155,14.6394,0.71009,20.61624624
,5.00E-01,2.19E-01,1.60E+00,3.22E+00,0.823232,22.02108031,80.7152,14.6324,0.71008,20.60670251
,5.00E-01,2.30E-01,1.60E+00,3.22E+00,0.823215,22.01132162,80.7149,14.6256,0.710071,20.59736106
,3.50E-01,1.96E-01,1.65E+00,3.22E+00,0.799099,18.63366811,80.8506,12.0388,0.692565,17.38288459
,3.50E-01,2.07E-01,1.65E+00,3.22E+00,0.79908,18.62382378,80.8506,12.0321,0.692553,17.37358275
,3.50E-01,2.19E-01,1.65E+00,3.22E+00,0.799062,18.61418686,80.8506,12.0256,0.692542,17.36447475
,3.50E-01,2.30E-01,1.65E+00,3.22E+00,0.799044,18.60475189,80.8505,12.0192,0.69253,17.35555553
,3.61E-01,1.50E-01,1.65E+00,3.22E+00,0.800839,18.8559809,80.8393,12.2072,0.693587,17.6001433
,3.61E-01,1.61E-01,1.65E+00,3.22E+00,0.800821,18.84519792,80.8391,12.1999,0.693574,17.58996648
,3.61E-01,1.73E-01,1.65E+00,3.22E+00,0.800803,18.83464802,80.8389,12.1928,0.693561,17.58000736
,3.61E-01,1.84E-01,1.65E+00,3.22E+00,0.800785,18.82432481,80.8387,12.1858,0.693548,17.57026
,3.61E-01,1.96E-01,1.65E+00,3.22E+00,0.800767,18.8142221,80.8386,12.179,0.693536,17.56071869
,3.61E-01,2.07E-01,1.65E+00,3.22E+00,0.80075,18.8043339,80.8384,12.1723,0.693524,17.55137789
,3.61E-01,2.19E-01,1.65E+00,3.22E+00,0.800733,18.79465452,80.8382,12.1657,0.693512,17.54223233
,3.61E-01,2.30E-01,1.65E+00,3.22E+00,0.800717,18.78517843,80.838,12.1593,0.6935,17.5332769
,3.71E-01,1.50E-01,1.65E+00,3.22E+00,0.802414,19.02789333,80.8331,12.3418,0.694575,17.76883571
,3.71E-01,1.61E-01,1.65E+00,3.22E+00,0.802395,19.01706557,80.8329,12.3345,0.694562,17.75861955
,3.71E-01,1.73E-01,1.65E+00,3.22E+00,0.802377,19.00647235,80.8327,12.3273,0.694548,17.74862254
,3.71E-01,1.84E-01,1.65E+00,3.22E+00,0.802359,18.9961072,80.8325,12.3202,0.694535,17.73883868
,3.71E-01,1.96E-01,1.65E+00,3.22E+00,0.802341,18.98596389,80.8323,12.3134,0.694522,17.7292622
,3.71E-01,2.07E-01,1.65E+00,3.22E+00,0.802324,18.97603639,80.8321,12.3066,0.69451,17.71988752
,3.71E-01,2.19E-01,1.65E+00,3.22E+00,0.802307,18.96631894,80.8319,12.3,0.694497,17.71070932
,3.71E-01,2.30E-01,1.65E+00,3.22E+00,0.802291,18.956806,80.8317,12.2936,0.694485,17.70172243
,3.82E-01,1.50E-01,1.65E+00,3.22E+00,0.803976,19.191484,80.8247,12.4709,0.695579,17.92872787
,3.82E-01,1.61E-01,1.65E+00,3.22E+00,0.803958,19.18061612,80.8245,12.4635,0.695565,17.91847763
,3.82E-01,1.73E-01,1.65E+00,3.22E+00,0.803939,19.16998407,80.8244,12.4562,0.695551,17.9084478
,3.82E-01,1.84E-01,1.65E+00,3.22E+00,0.803921,19.15958133,80.8242,12.4492,0.695538,17.89863234
,3.82E-01,1.96E-01,1.65E+00,3.22E+00,0.803903,19.14940163,80.824,12.4423,0.695524,17.88902544
,3.82E-01,2.07E-01,1.65E+00,3.22E+00,0.803886,19.1394389,80.8238,12.4355,0.695511,17.87962148
,3.82E-01,2.19E-01,1.65E+00,3.22E+00,0.803869,19.12968734,80.8235,12.4288,0.695498,17.87041508
,,,,,,,,,,
,,,,,,,,,,
,,,,,,,,,,
,,,,,,,,,,
,,,,,,,,,,
